Inference Type,Total Time (s),Avg Time per Image (s)
plantvillage,57.66370719997212,0.12427523103442267
plantdoc,101.1526264999411,0.2288520961537129
