Inference Type,Total Time (s),Avg Time per Image (s)
plantvillage,55.301118299597874,0.11918344461120231
plantdoc,103.69860809948295,0.2346122355191922
