Inference Type,Total Time (s),Avg Time per Image (s)
plantvillage,46.980983600136824,0.10125211982788108
plantdoc,41.99173750006594,0.09500393099562429
