Inference Type,Total Time (s),Avg Time per Image (s)
plantvillage,54.267324799788184,0.11695544137885384
plantdoc,45.21249100001296,0.10229070361993882
