Inference Type,Total Time (s),Avg Time per Image (s)
plantvillage,33.440792898938525,0.07207067435116062
plantdoc,57.53155949979555,0.1301618993208044
