Inference Type,Total Time (s),Avg Time per Image (s)
plantvillage,40.14988190040458,0.08652991788880297
plantdoc,55.10475250001764,0.12467138574664624
