Inference Type,Total Time (s),Avg Time per Image (s)
plantvillage,14.971460299741011,0.03226607823220046
plantdoc,33.55620370013639,0.07591901289623619
