Inference Type,Total Time (s),Avg Time per Image (s)
plantvillage,152.37803590047406,0.32840093944067683
plantdoc,195.78545780020067,0.44295352443484315
