Inference Type,Total Time (s),Avg Time per Image (s)
plantvillage,31.440284600073937,0.06775923405188349
plantdoc,48.38683089951519,0.10947246809845065
