Inference Type,Total Time (s),Avg Time per Image (s)
plantvillage,134.55921050003963,0.2899982984914647
plantdoc,169.57398270088015,0.383651544572127
