Inference Type,Total Time (s),Avg Time per Image (s)
plantvillage,50.722651500371285,0.10931605926804157
plantdoc,64.48173929844052,0.14588628800552153
