Inference Type,Total Time (s),Avg Time per Image (s)
plantvillage,49.2243567998521,0.10608697586175023
plantdoc,62.58103949937504,0.14158606221578063
