Inference Type,Total Time (s),Avg Time per Image (s)
plantvillage,44.48650950053707,0.0958760980615023
plantdoc,68.59405789984157,0.15519017624398546
