Inference Type,Total Time (s),Avg Time per Image (s)
plantvillage,159.02112329995725,0.3427179381464596
plantdoc,164.06300899974303,0.3711832782799616
