Inference Type,Total Time (s),Avg Time per Image (s)
plantvillage,74.11893919942668,0.15973909310221265
plantdoc,92.24465940106893,0.20869832443680753
