Inference Type,Total Time (s),Avg Time per Image (s)
plantvillage,77.94602099998156,0.16798711422409818
plantdoc,74.21617780107772,0.16790990452732515
