Inference Type,Total Time (s),Avg Time per Image (s)
plantvillage,45.561601800029166,0.09819310732764906
plantdoc,38.723152299935464,0.0876089418550576
