Inference Type,Total Time (s),Avg Time per Image (s)
plantvillage,15.220984000014141,0.03280384482761668
plantdoc,14.985318299965002,0.03390343506779412
