Inference Type,Total Time (s),Avg Time per Image (s)
plantvillage,46.483041899919044,0.10017896961189449
plantdoc,75.35651270009112,0.1704898477377627
