Inference Type,Total Time (s),Avg Time per Image (s)
plantvillage,80.98190040118061,0.17452995776116512
plantdoc,83.82313050009543,0.18964509162917517
