Inference Type,Total Time (s),Avg Time per Image (s)
plantvillage,52.76649809995433,0.1137209010774878
plantdoc,90.61749910051003,0.20501696629074667
