Inference Type,Total Time (s),Avg Time per Image (s)
plantvillage,43.52760809997562,0.0938095002154647
plantdoc,42.361275000090245,0.09583998868798697
