Inference Type,Total Time (s),Avg Time per Image (s)
plantvillage,47.880710799770895,0.10319118706847176
plantdoc,72.93146720016375,0.16500331945738406
