Inference Type,Total Time (s),Avg Time per Image (s)
plantvillage,132.11767279997002,0.28473636379303885
plantdoc,117.39525259996299,0.26560011900444114
